7000.0,围网
7001.0,拖网
7002.0,拖网
7003.0,刺网
7004.0,拖网
7005.0,刺网
7006.0,拖网
7007.0,拖网
7008.0,围网
7009.0,围网
7010.0,拖网
7011.0,拖网
7012.0,拖网
7013.0,拖网
7014.0,拖网
7015.0,拖网
7016.0,拖网
7017.0,拖网
7018.0,围网
7019.0,拖网
7020.0,围网
7021.0,拖网
7022.0,拖网
7023.0,拖网
7024.0,拖网
7025.0,拖网
7026.0,围网
7027.0,拖网
7028.0,拖网
7029.0,拖网
7030.0,围网
7031.0,拖网
7032.0,拖网
7033.0,拖网
7034.0,拖网
7035.0,拖网
7036.0,拖网
7037.0,围网
7038.0,拖网
7039.0,刺网
7040.0,拖网
7041.0,拖网
7042.0,拖网
7043.0,刺网
7044.0,拖网
7045.0,拖网
7046.0,围网
7047.0,刺网
7048.0,拖网
7049.0,拖网
7050.0,拖网
7051.0,拖网
7052.0,拖网
7053.0,刺网
7054.0,围网
7055.0,拖网
7056.0,拖网
7057.0,拖网
7058.0,拖网
7059.0,拖网
7060.0,围网
7061.0,拖网
7062.0,围网
7063.0,拖网
7064.0,拖网
7065.0,拖网
7066.0,拖网
7067.0,拖网
7068.0,拖网
7069.0,拖网
7070.0,刺网
7071.0,拖网
7072.0,拖网
7073.0,拖网
7074.0,拖网
7075.0,拖网
7076.0,拖网
7077.0,拖网
7078.0,拖网
7079.0,拖网
7080.0,围网
7081.0,拖网
7082.0,刺网
7083.0,拖网
7084.0,围网
7085.0,刺网
7086.0,拖网
7087.0,拖网
7088.0,拖网
7089.0,拖网
7090.0,刺网
7091.0,拖网
7092.0,拖网
7093.0,刺网
7094.0,刺网
7095.0,拖网
7096.0,拖网
7097.0,拖网
7098.0,拖网
7099.0,刺网
7100.0,拖网
7101.0,拖网
7102.0,拖网
7103.0,刺网
7104.0,拖网
7105.0,围网
7106.0,围网
7107.0,拖网
7108.0,刺网
7109.0,刺网
7110.0,拖网
7111.0,拖网
7112.0,拖网
7113.0,拖网
7114.0,拖网
7115.0,刺网
7116.0,围网
7117.0,拖网
7118.0,拖网
7119.0,刺网
7120.0,刺网
7121.0,围网
7122.0,拖网
7123.0,拖网
7124.0,拖网
7125.0,拖网
7126.0,拖网
7127.0,拖网
7128.0,拖网
7129.0,拖网
7130.0,刺网
7131.0,刺网
7132.0,拖网
7133.0,围网
7134.0,围网
7135.0,拖网
7136.0,刺网
7137.0,拖网
7138.0,拖网
7139.0,刺网
7140.0,拖网
7141.0,刺网
7142.0,围网
7143.0,拖网
7144.0,拖网
7145.0,围网
7146.0,拖网
7147.0,拖网
7148.0,拖网
7149.0,拖网
7150.0,拖网
7151.0,拖网
7152.0,拖网
7153.0,拖网
7154.0,刺网
7155.0,拖网
7156.0,拖网
7157.0,拖网
7158.0,刺网
7159.0,拖网
7160.0,刺网
7161.0,拖网
7162.0,拖网
7163.0,拖网
7164.0,拖网
7165.0,拖网
7166.0,拖网
7167.0,拖网
7168.0,拖网
7169.0,刺网
7170.0,围网
7171.0,拖网
7172.0,拖网
7173.0,拖网
7174.0,拖网
7175.0,拖网
7176.0,围网
7177.0,拖网
7178.0,拖网
7179.0,围网
7180.0,刺网
7181.0,拖网
7182.0,拖网
7183.0,拖网
7184.0,拖网
7185.0,拖网
7186.0,刺网
7187.0,拖网
7188.0,拖网
7189.0,围网
7190.0,拖网
7191.0,刺网
7192.0,拖网
7193.0,围网
7194.0,拖网
7195.0,拖网
7196.0,拖网
7197.0,拖网
7198.0,拖网
7199.0,围网
7200.0,拖网
7201.0,拖网
7202.0,刺网
7203.0,拖网
7204.0,拖网
7205.0,刺网
7206.0,拖网
7207.0,围网
7208.0,拖网
7209.0,拖网
7210.0,拖网
7211.0,拖网
7212.0,围网
7213.0,围网
7214.0,拖网
7215.0,拖网
7216.0,拖网
7217.0,拖网
7218.0,拖网
7219.0,拖网
7220.0,拖网
7221.0,拖网
7222.0,拖网
7223.0,围网
7224.0,刺网
7225.0,围网
7226.0,拖网
7227.0,拖网
7228.0,刺网
7229.0,围网
7230.0,拖网
7231.0,拖网
7232.0,拖网
7233.0,拖网
7234.0,拖网
7235.0,围网
7236.0,拖网
7237.0,拖网
7238.0,拖网
7239.0,拖网
7240.0,拖网
7241.0,拖网
7242.0,刺网
7243.0,拖网
7244.0,拖网
7245.0,围网
7246.0,拖网
7247.0,拖网
7248.0,拖网
7249.0,拖网
7250.0,刺网
7251.0,拖网
7252.0,拖网
7253.0,拖网
7254.0,拖网
7255.0,拖网
7256.0,拖网
7257.0,拖网
7258.0,拖网
7259.0,围网
7260.0,拖网
7261.0,围网
7262.0,拖网
7263.0,拖网
7264.0,拖网
7265.0,围网
7266.0,拖网
7267.0,拖网
7268.0,拖网
7269.0,拖网
7270.0,拖网
7271.0,拖网
7272.0,围网
7273.0,拖网
7274.0,拖网
7275.0,拖网
7276.0,拖网
7277.0,拖网
7278.0,刺网
7279.0,围网
7280.0,拖网
7281.0,拖网
7282.0,围网
7283.0,围网
7284.0,刺网
7285.0,刺网
7286.0,拖网
7287.0,拖网
7288.0,拖网
7289.0,拖网
7290.0,刺网
7291.0,拖网
7292.0,拖网
7293.0,拖网
7294.0,拖网
7295.0,拖网
7296.0,拖网
7297.0,拖网
7298.0,拖网
7299.0,围网
7300.0,拖网
7301.0,刺网
7302.0,刺网
7303.0,刺网
7304.0,刺网
7305.0,拖网
7306.0,刺网
7307.0,拖网
7308.0,拖网
7309.0,拖网
7310.0,围网
7311.0,拖网
7312.0,拖网
7313.0,拖网
7314.0,拖网
7315.0,刺网
7316.0,拖网
7317.0,刺网
7318.0,拖网
7319.0,刺网
7320.0,拖网
7321.0,围网
7322.0,拖网
7323.0,拖网
7324.0,刺网
7325.0,拖网
7326.0,拖网
7327.0,拖网
7328.0,拖网
7329.0,拖网
7330.0,拖网
7331.0,围网
7332.0,拖网
7333.0,围网
7334.0,刺网
7335.0,拖网
7336.0,拖网
7337.0,拖网
7338.0,拖网
7339.0,围网
7340.0,拖网
7341.0,刺网
7342.0,拖网
7343.0,拖网
7344.0,拖网
7345.0,拖网
7346.0,拖网
7347.0,拖网
7348.0,拖网
7349.0,围网
7350.0,拖网
7351.0,拖网
7352.0,拖网
7353.0,刺网
7354.0,刺网
7355.0,拖网
7356.0,拖网
7357.0,拖网
7358.0,拖网
7359.0,拖网
7360.0,拖网
7361.0,围网
7362.0,拖网
7363.0,围网
7364.0,拖网
7365.0,刺网
7366.0,拖网
7367.0,拖网
7368.0,围网
7369.0,拖网
7370.0,围网
7371.0,拖网
7372.0,拖网
7373.0,拖网
7374.0,拖网
7375.0,围网
7376.0,拖网
7377.0,拖网
7378.0,拖网
7379.0,拖网
7380.0,拖网
7381.0,拖网
7382.0,拖网
7383.0,刺网
7384.0,拖网
7385.0,拖网
7386.0,拖网
7387.0,围网
7388.0,拖网
7389.0,拖网
7390.0,围网
7391.0,拖网
7392.0,拖网
7393.0,拖网
7394.0,拖网
7395.0,围网
7396.0,拖网
7397.0,拖网
7398.0,围网
7399.0,围网
7400.0,拖网
7401.0,围网
7402.0,刺网
7403.0,拖网
7404.0,拖网
7405.0,刺网
7406.0,拖网
7407.0,拖网
7408.0,拖网
7409.0,刺网
7410.0,拖网
7411.0,拖网
7412.0,围网
7413.0,拖网
7414.0,拖网
7415.0,拖网
7416.0,拖网
7417.0,拖网
7418.0,拖网
7419.0,拖网
7420.0,拖网
7421.0,拖网
7422.0,围网
7423.0,拖网
7424.0,围网
7425.0,拖网
7426.0,拖网
7427.0,刺网
7428.0,拖网
7429.0,围网
7430.0,刺网
7431.0,拖网
7432.0,拖网
7433.0,拖网
7434.0,拖网
7435.0,围网
7436.0,围网
7437.0,拖网
7438.0,拖网
7439.0,拖网
7440.0,拖网
7441.0,拖网
7442.0,拖网
7443.0,拖网
7444.0,拖网
7445.0,拖网
7446.0,刺网
7447.0,拖网
7448.0,拖网
7449.0,拖网
7450.0,拖网
7451.0,拖网
7452.0,拖网
7453.0,拖网
7454.0,拖网
7455.0,拖网
7456.0,拖网
7457.0,拖网
7458.0,围网
7459.0,拖网
7460.0,拖网
7461.0,拖网
7462.0,拖网
7463.0,拖网
7464.0,拖网
7465.0,拖网
7466.0,围网
7467.0,拖网
7468.0,拖网
7469.0,拖网
7470.0,拖网
7471.0,刺网
7472.0,拖网
7473.0,拖网
7474.0,拖网
7475.0,围网
7476.0,拖网
7477.0,拖网
7478.0,拖网
7479.0,拖网
7480.0,围网
7481.0,围网
7482.0,拖网
7483.0,刺网
7484.0,刺网
7485.0,拖网
7486.0,拖网
7487.0,围网
7488.0,拖网
7489.0,拖网
7490.0,拖网
7491.0,拖网
7492.0,拖网
7493.0,拖网
7494.0,拖网
7495.0,拖网
7496.0,刺网
7497.0,拖网
7498.0,拖网
7499.0,拖网
7500.0,拖网
7501.0,拖网
7502.0,拖网
7503.0,拖网
7504.0,拖网
7505.0,拖网
7506.0,拖网
7507.0,拖网
7508.0,围网
7509.0,拖网
7510.0,刺网
7511.0,拖网
7512.0,围网
7513.0,拖网
7514.0,拖网
7515.0,拖网
7516.0,拖网
7517.0,拖网
7518.0,拖网
7519.0,围网
7520.0,拖网
7521.0,拖网
7522.0,拖网
7523.0,拖网
7524.0,刺网
7525.0,拖网
7526.0,围网
7527.0,拖网
7528.0,拖网
7529.0,拖网
7530.0,拖网
7531.0,围网
7532.0,拖网
7533.0,刺网
7534.0,拖网
7535.0,刺网
7536.0,拖网
7537.0,拖网
7538.0,拖网
7539.0,刺网
7540.0,拖网
7541.0,拖网
7542.0,拖网
7543.0,拖网
7544.0,拖网
7545.0,拖网
7546.0,拖网
7547.0,拖网
7548.0,拖网
7549.0,围网
7550.0,围网
7551.0,刺网
7552.0,拖网
7553.0,拖网
7554.0,围网
7555.0,拖网
7556.0,拖网
7557.0,围网
7558.0,拖网
7559.0,刺网
7560.0,围网
7561.0,围网
7562.0,拖网
7563.0,拖网
7564.0,围网
7565.0,拖网
7566.0,拖网
7567.0,刺网
7568.0,围网
7569.0,拖网
7570.0,拖网
7571.0,拖网
7572.0,拖网
7573.0,拖网
7574.0,拖网
7575.0,拖网
7576.0,拖网
7577.0,拖网
7578.0,拖网
7579.0,围网
7580.0,拖网
7581.0,拖网
7582.0,拖网
7583.0,围网
7584.0,围网
7585.0,拖网
7586.0,拖网
7587.0,围网
7588.0,拖网
7589.0,拖网
7590.0,拖网
7591.0,拖网
7592.0,拖网
7593.0,拖网
7594.0,拖网
7595.0,拖网
7596.0,围网
7597.0,拖网
7598.0,拖网
7599.0,拖网
7600.0,拖网
7601.0,围网
7602.0,刺网
7603.0,拖网
7604.0,拖网
7605.0,拖网
7606.0,拖网
7607.0,拖网
7608.0,拖网
7609.0,拖网
7610.0,拖网
7611.0,围网
7612.0,刺网
7613.0,拖网
7614.0,拖网
7615.0,围网
7616.0,围网
7617.0,拖网
7618.0,拖网
7619.0,拖网
7620.0,拖网
7621.0,拖网
7622.0,拖网
7623.0,拖网
7624.0,拖网
7625.0,刺网
7626.0,刺网
7627.0,围网
7628.0,拖网
7629.0,拖网
7630.0,拖网
7631.0,拖网
7632.0,拖网
7633.0,拖网
7634.0,围网
7635.0,刺网
7636.0,刺网
7637.0,拖网
7638.0,拖网
7639.0,刺网
7640.0,围网
7641.0,拖网
7642.0,拖网
7643.0,拖网
7644.0,拖网
7645.0,拖网
7646.0,拖网
7647.0,拖网
7648.0,拖网
7649.0,拖网
7650.0,拖网
7651.0,拖网
7652.0,拖网
7653.0,拖网
7654.0,拖网
7655.0,拖网
7656.0,拖网
7657.0,围网
7658.0,拖网
7659.0,围网
7660.0,拖网
7661.0,拖网
7662.0,拖网
7663.0,拖网
7664.0,拖网
7665.0,拖网
7666.0,拖网
7667.0,围网
7668.0,拖网
7669.0,拖网
7670.0,拖网
7671.0,拖网
7672.0,拖网
7673.0,刺网
7674.0,拖网
7675.0,刺网
7676.0,拖网
7677.0,拖网
7678.0,围网
7679.0,刺网
7680.0,刺网
7681.0,围网
7682.0,拖网
7683.0,拖网
7684.0,围网
7685.0,刺网
7686.0,拖网
7687.0,拖网
7688.0,拖网
7689.0,拖网
7690.0,拖网
7691.0,拖网
7692.0,拖网
7693.0,拖网
7694.0,拖网
7695.0,围网
7696.0,拖网
7697.0,拖网
7698.0,拖网
7699.0,拖网
7700.0,拖网
7701.0,拖网
7702.0,拖网
7703.0,围网
7704.0,拖网
7705.0,拖网
7706.0,拖网
7707.0,拖网
7708.0,围网
7709.0,拖网
7710.0,围网
7711.0,拖网
7712.0,围网
7713.0,刺网
7714.0,拖网
7715.0,刺网
7716.0,刺网
7717.0,围网
7718.0,拖网
7719.0,刺网
7720.0,围网
7721.0,刺网
7722.0,拖网
7723.0,拖网
7724.0,拖网
7725.0,围网
7726.0,拖网
7727.0,刺网
7728.0,刺网
7729.0,围网
7730.0,拖网
7731.0,围网
7732.0,拖网
7733.0,拖网
7734.0,拖网
7735.0,拖网
7736.0,拖网
7737.0,拖网
7738.0,拖网
7739.0,刺网
7740.0,拖网
7741.0,拖网
7742.0,拖网
7743.0,拖网
7744.0,拖网
7745.0,拖网
7746.0,围网
7747.0,拖网
7748.0,拖网
7749.0,拖网
7750.0,刺网
7751.0,拖网
7752.0,拖网
7753.0,拖网
7754.0,围网
7755.0,拖网
7756.0,拖网
7757.0,拖网
7758.0,拖网
7759.0,刺网
7760.0,拖网
7761.0,拖网
7762.0,拖网
7763.0,拖网
7764.0,拖网
7765.0,围网
7766.0,拖网
7767.0,拖网
7768.0,围网
7769.0,拖网
7770.0,拖网
7771.0,围网
7772.0,拖网
7773.0,围网
7774.0,拖网
7775.0,拖网
7776.0,拖网
7777.0,拖网
7778.0,拖网
7779.0,拖网
7780.0,拖网
7781.0,围网
7782.0,拖网
7783.0,拖网
7784.0,拖网
7785.0,刺网
7786.0,拖网
7787.0,拖网
7788.0,拖网
7789.0,拖网
7790.0,拖网
7791.0,拖网
7792.0,围网
7793.0,刺网
7794.0,拖网
7795.0,拖网
7796.0,拖网
7797.0,拖网
7798.0,围网
7799.0,拖网
7800.0,刺网
7801.0,围网
7802.0,拖网
7803.0,拖网
7804.0,拖网
7805.0,刺网
7806.0,拖网
7807.0,刺网
7808.0,围网
7809.0,刺网
7810.0,围网
7811.0,拖网
7812.0,拖网
7813.0,拖网
7814.0,拖网
7815.0,拖网
7816.0,拖网
7817.0,拖网
7818.0,拖网
7819.0,拖网
7820.0,拖网
7821.0,刺网
7822.0,拖网
7823.0,拖网
7824.0,拖网
7825.0,拖网
7826.0,围网
7827.0,刺网
7828.0,拖网
7829.0,拖网
7830.0,拖网
7831.0,拖网
7832.0,拖网
7833.0,拖网
7834.0,拖网
7835.0,刺网
7836.0,围网
7837.0,刺网
7838.0,拖网
7839.0,拖网
7840.0,拖网
7841.0,拖网
7842.0,拖网
7843.0,拖网
7844.0,拖网
7845.0,拖网
7846.0,拖网
7847.0,拖网
7848.0,拖网
7849.0,围网
7850.0,拖网
7851.0,拖网
7852.0,拖网
7853.0,拖网
7854.0,拖网
7855.0,拖网
7856.0,拖网
7857.0,拖网
7858.0,拖网
7859.0,围网
7860.0,拖网
7861.0,围网
7862.0,拖网
7863.0,拖网
7864.0,围网
7865.0,拖网
7866.0,拖网
7867.0,拖网
7868.0,拖网
7869.0,拖网
7870.0,刺网
7871.0,拖网
7872.0,拖网
7873.0,围网
7874.0,围网
7875.0,刺网
7876.0,拖网
7877.0,刺网
7878.0,拖网
7879.0,拖网
7880.0,拖网
7881.0,拖网
7882.0,刺网
7883.0,拖网
7884.0,刺网
7885.0,拖网
7886.0,拖网
7887.0,围网
7888.0,围网
7889.0,拖网
7890.0,拖网
7891.0,拖网
7892.0,拖网
7893.0,拖网
7894.0,拖网
7895.0,拖网
7896.0,拖网
7897.0,拖网
7898.0,刺网
7899.0,刺网
7900.0,拖网
7901.0,拖网
7902.0,拖网
7903.0,围网
7904.0,拖网
7905.0,拖网
7906.0,围网
7907.0,围网
7908.0,拖网
7909.0,刺网
7910.0,刺网
7911.0,拖网
7912.0,拖网
7913.0,拖网
7914.0,拖网
7915.0,刺网
7916.0,拖网
7917.0,拖网
7918.0,拖网
7919.0,拖网
7920.0,拖网
7921.0,拖网
7922.0,拖网
7923.0,围网
7924.0,拖网
7925.0,围网
7926.0,拖网
7927.0,拖网
7928.0,拖网
7929.0,拖网
7930.0,拖网
7931.0,拖网
7932.0,拖网
7933.0,拖网
7934.0,刺网
7935.0,刺网
7936.0,拖网
7937.0,刺网
7938.0,拖网
7939.0,围网
7940.0,围网
7941.0,拖网
7942.0,拖网
7943.0,拖网
7944.0,拖网
7945.0,围网
7946.0,拖网
7947.0,拖网
7948.0,刺网
7949.0,刺网
7950.0,拖网
7951.0,拖网
7952.0,刺网
7953.0,拖网
7954.0,围网
7955.0,拖网
7956.0,拖网
7957.0,拖网
7958.0,刺网
7959.0,围网
7960.0,刺网
7961.0,拖网
7962.0,拖网
7963.0,拖网
7964.0,拖网
7965.0,拖网
7966.0,刺网
7967.0,拖网
7968.0,围网
7969.0,拖网
7970.0,拖网
7971.0,拖网
7972.0,拖网
7973.0,围网
7974.0,围网
7975.0,拖网
7976.0,拖网
7977.0,围网
7978.0,拖网
7979.0,拖网
7980.0,拖网
7981.0,拖网
7982.0,拖网
7983.0,拖网
7984.0,刺网
7985.0,拖网
7986.0,拖网
7987.0,拖网
7988.0,拖网
7989.0,拖网
7990.0,拖网
7991.0,拖网
7992.0,拖网
7993.0,拖网
7994.0,拖网
7995.0,拖网
7996.0,拖网
7997.0,拖网
7998.0,拖网
7999.0,围网
8000.0,围网
8001.0,拖网
8002.0,拖网
8003.0,围网
8004.0,拖网
8005.0,拖网
8006.0,拖网
8007.0,拖网
8008.0,拖网
8009.0,拖网
8010.0,拖网
8011.0,拖网
8012.0,刺网
8013.0,拖网
8014.0,拖网
8015.0,拖网
8016.0,拖网
8017.0,拖网
8018.0,拖网
8019.0,拖网
8020.0,拖网
8021.0,拖网
8022.0,围网
8023.0,拖网
8024.0,拖网
8025.0,拖网
8026.0,拖网
8027.0,拖网
8028.0,拖网
8029.0,拖网
8030.0,拖网
8031.0,拖网
8032.0,拖网
8033.0,拖网
8034.0,拖网
8035.0,刺网
8036.0,刺网
8037.0,拖网
8038.0,拖网
8039.0,拖网
8040.0,拖网
8041.0,围网
8042.0,拖网
8043.0,拖网
8044.0,拖网
8045.0,拖网
8046.0,拖网
8047.0,刺网
8048.0,围网
8049.0,围网
8050.0,拖网
8051.0,拖网
8052.0,拖网
8053.0,拖网
8054.0,刺网
8055.0,拖网
8056.0,刺网
8057.0,拖网
8058.0,拖网
8059.0,刺网
8060.0,拖网
8061.0,拖网
8062.0,拖网
8063.0,拖网
8064.0,拖网
8065.0,拖网
8066.0,拖网
8067.0,拖网
8068.0,拖网
8069.0,拖网
8070.0,拖网
8071.0,拖网
8072.0,拖网
8073.0,拖网
8074.0,拖网
8075.0,刺网
8076.0,拖网
8077.0,拖网
8078.0,拖网
8079.0,拖网
8080.0,拖网
8081.0,围网
8082.0,拖网
8083.0,拖网
8084.0,拖网
8085.0,围网
8086.0,围网
8087.0,刺网
8088.0,拖网
8089.0,围网
8090.0,拖网
8091.0,刺网
8092.0,刺网
8093.0,拖网
8094.0,拖网
8095.0,拖网
8096.0,拖网
8097.0,拖网
8098.0,拖网
8099.0,拖网
8100.0,拖网
8101.0,拖网
8102.0,拖网
8103.0,围网
8104.0,拖网
8105.0,刺网
8106.0,围网
8107.0,拖网
8108.0,拖网
8109.0,拖网
8110.0,刺网
8111.0,围网
8112.0,围网
8113.0,拖网
8114.0,刺网
8115.0,拖网
8116.0,拖网
8117.0,拖网
8118.0,围网
8119.0,围网
8120.0,围网
8121.0,拖网
8122.0,围网
8123.0,围网
8124.0,拖网
8125.0,拖网
8126.0,拖网
8127.0,拖网
8128.0,拖网
8129.0,拖网
8130.0,围网
8131.0,拖网
8132.0,拖网
8133.0,拖网
8134.0,拖网
8135.0,拖网
8136.0,拖网
8137.0,拖网
8138.0,拖网
8139.0,拖网
8140.0,拖网
8141.0,拖网
8142.0,围网
8143.0,拖网
8144.0,拖网
8145.0,拖网
8146.0,拖网
8147.0,拖网
8148.0,拖网
8149.0,拖网
8150.0,拖网
8151.0,拖网
8152.0,拖网
8153.0,刺网
8154.0,拖网
8155.0,拖网
8156.0,拖网
8157.0,拖网
8158.0,拖网
8159.0,拖网
8160.0,拖网
8161.0,拖网
8162.0,拖网
8163.0,拖网
8164.0,刺网
8165.0,拖网
8166.0,拖网
8167.0,拖网
8168.0,拖网
8169.0,拖网
8170.0,围网
8171.0,围网
8172.0,拖网
8173.0,拖网
8174.0,拖网
8175.0,拖网
8176.0,围网
8177.0,拖网
8178.0,拖网
8179.0,拖网
8180.0,拖网
8181.0,拖网
8182.0,拖网
8183.0,拖网
8184.0,拖网
8185.0,拖网
8186.0,拖网
8187.0,拖网
8188.0,拖网
8189.0,拖网
8190.0,刺网
8191.0,拖网
8192.0,拖网
8193.0,刺网
8194.0,刺网
8195.0,拖网
8196.0,拖网
8197.0,拖网
8198.0,拖网
8199.0,拖网
8200.0,拖网
8201.0,围网
8202.0,拖网
8203.0,拖网
8204.0,围网
8205.0,拖网
8206.0,拖网
8207.0,拖网
8208.0,拖网
8209.0,围网
8210.0,拖网
8211.0,拖网
8212.0,拖网
8213.0,围网
8214.0,围网
8215.0,拖网
8216.0,拖网
8217.0,拖网
8218.0,围网
8219.0,围网
8220.0,刺网
8221.0,拖网
8222.0,拖网
8223.0,拖网
8224.0,拖网
8225.0,围网
8226.0,拖网
8227.0,拖网
8228.0,拖网
8229.0,拖网
8230.0,拖网
8231.0,拖网
8232.0,拖网
8233.0,拖网
8234.0,拖网
8235.0,拖网
8236.0,围网
8237.0,围网
8238.0,围网
8239.0,拖网
8240.0,刺网
8241.0,拖网
8242.0,拖网
8243.0,拖网
8244.0,刺网
8245.0,拖网
8246.0,拖网
8247.0,围网
8248.0,围网
8249.0,围网
8250.0,拖网
8251.0,刺网
8252.0,拖网
8253.0,拖网
8254.0,拖网
8255.0,围网
8256.0,拖网
8257.0,拖网
8258.0,拖网
8259.0,刺网
8260.0,拖网
8261.0,刺网
8262.0,拖网
8263.0,拖网
8264.0,围网
8265.0,拖网
8266.0,拖网
8267.0,拖网
8268.0,拖网
8269.0,拖网
8270.0,拖网
8271.0,围网
8272.0,拖网
8273.0,围网
8274.0,拖网
8275.0,围网
8276.0,刺网
8277.0,拖网
8278.0,拖网
8279.0,拖网
8280.0,拖网
8281.0,拖网
8282.0,拖网
8283.0,刺网
8284.0,刺网
8285.0,围网
8286.0,拖网
8287.0,拖网
8288.0,刺网
8289.0,刺网
8290.0,拖网
8291.0,拖网
8292.0,拖网
8293.0,拖网
8294.0,围网
8295.0,拖网
8296.0,拖网
8297.0,围网
8298.0,拖网
8299.0,拖网
8300.0,拖网
8301.0,拖网
8302.0,刺网
8303.0,拖网
8304.0,拖网
8305.0,拖网
8306.0,围网
8307.0,拖网
8308.0,拖网
8309.0,拖网
8310.0,拖网
8311.0,拖网
8312.0,拖网
8313.0,拖网
8314.0,刺网
8315.0,拖网
8316.0,围网
8317.0,拖网
8318.0,拖网
8319.0,拖网
8320.0,刺网
8321.0,拖网
8322.0,刺网
8323.0,拖网
8324.0,拖网
8325.0,拖网
8326.0,拖网
8327.0,围网
8328.0,围网
8329.0,拖网
8330.0,刺网
8331.0,拖网
8332.0,围网
8333.0,拖网
8334.0,拖网
8335.0,刺网
8336.0,拖网
8337.0,拖网
8338.0,拖网
8339.0,围网
8340.0,拖网
8341.0,拖网
8342.0,围网
8343.0,拖网
8344.0,围网
8345.0,刺网
8346.0,刺网
8347.0,拖网
8348.0,拖网
8349.0,拖网
8350.0,拖网
8351.0,拖网
8352.0,拖网
8353.0,拖网
8354.0,拖网
8355.0,拖网
8356.0,拖网
8357.0,拖网
8358.0,拖网
8359.0,拖网
8360.0,拖网
8361.0,围网
8362.0,围网
8363.0,拖网
8364.0,拖网
8365.0,拖网
8366.0,刺网
8367.0,拖网
8368.0,围网
8369.0,围网
8370.0,拖网
8371.0,刺网
8372.0,刺网
8373.0,拖网
8374.0,拖网
8375.0,刺网
8376.0,拖网
8377.0,拖网
8378.0,拖网
8379.0,拖网
8380.0,拖网
8381.0,拖网
8382.0,围网
8383.0,拖网
8384.0,刺网
8385.0,拖网
8386.0,拖网
8387.0,拖网
8388.0,拖网
8389.0,拖网
8390.0,围网
8391.0,围网
8392.0,刺网
8393.0,拖网
8394.0,拖网
8395.0,拖网
8396.0,拖网
8397.0,拖网
8398.0,拖网
8399.0,围网
8400.0,拖网
8401.0,拖网
8402.0,围网
8403.0,拖网
8404.0,围网
8405.0,拖网
8406.0,拖网
8407.0,拖网
8408.0,刺网
8409.0,拖网
8410.0,拖网
8411.0,围网
8412.0,拖网
8413.0,拖网
8414.0,拖网
8415.0,拖网
8416.0,拖网
8417.0,拖网
8418.0,拖网
8419.0,拖网
8420.0,围网
8421.0,刺网
8422.0,围网
8423.0,围网
8424.0,拖网
8425.0,拖网
8426.0,拖网
8427.0,围网
8428.0,刺网
8429.0,拖网
8430.0,拖网
8431.0,刺网
8432.0,拖网
8433.0,拖网
8434.0,拖网
8435.0,拖网
8436.0,拖网
8437.0,拖网
8438.0,刺网
8439.0,围网
8440.0,拖网
8441.0,拖网
8442.0,刺网
8443.0,拖网
8444.0,拖网
8445.0,拖网
8446.0,拖网
8447.0,围网
8448.0,拖网
8449.0,刺网
8450.0,拖网
8451.0,围网
8452.0,刺网
8453.0,拖网
8454.0,刺网
8455.0,拖网
8456.0,刺网
8457.0,拖网
8458.0,拖网
8459.0,刺网
8460.0,拖网
8461.0,拖网
8462.0,拖网
8463.0,拖网
8464.0,刺网
8465.0,拖网
8466.0,刺网
8467.0,拖网
8468.0,拖网
8469.0,围网
8470.0,拖网
8471.0,刺网
8472.0,拖网
8473.0,拖网
8474.0,拖网
8475.0,围网
8476.0,拖网
8477.0,拖网
8478.0,围网
8479.0,拖网
8480.0,拖网
8481.0,围网
8482.0,围网
8483.0,拖网
8484.0,拖网
8485.0,拖网
8486.0,刺网
8487.0,拖网
8488.0,围网
8489.0,围网
8490.0,拖网
8491.0,拖网
8492.0,拖网
8493.0,围网
8494.0,拖网
8495.0,拖网
8496.0,拖网
8497.0,拖网
8498.0,拖网
8499.0,拖网
8500.0,刺网
8501.0,拖网
8502.0,拖网
8503.0,拖网
8504.0,拖网
8505.0,拖网
8506.0,拖网
8507.0,刺网
8508.0,拖网
8509.0,拖网
8510.0,拖网
8511.0,刺网
8512.0,刺网
8513.0,围网
8514.0,围网
8515.0,拖网
8516.0,围网
8517.0,拖网
8518.0,拖网
8519.0,拖网
8520.0,拖网
8521.0,拖网
8522.0,拖网
8523.0,拖网
8524.0,拖网
8525.0,刺网
8526.0,拖网
8527.0,拖网
8528.0,拖网
8529.0,刺网
8530.0,拖网
8531.0,围网
8532.0,拖网
8533.0,拖网
8534.0,拖网
8535.0,拖网
8536.0,拖网
8537.0,刺网
8538.0,拖网
8539.0,拖网
8540.0,围网
8541.0,拖网
8542.0,围网
8543.0,拖网
8544.0,拖网
8545.0,拖网
8546.0,围网
8547.0,拖网
8548.0,刺网
8549.0,拖网
8550.0,拖网
8551.0,围网
8552.0,拖网
8553.0,拖网
8554.0,拖网
8555.0,拖网
8556.0,拖网
8557.0,围网
8558.0,拖网
8559.0,拖网
8560.0,围网
8561.0,拖网
8562.0,拖网
8563.0,拖网
8564.0,拖网
8565.0,拖网
8566.0,拖网
8567.0,围网
8568.0,拖网
8569.0,围网
8570.0,围网
8571.0,拖网
8572.0,围网
8573.0,拖网
8574.0,刺网
8575.0,拖网
8576.0,刺网
8577.0,围网
8578.0,拖网
8579.0,拖网
8580.0,围网
8581.0,拖网
8582.0,拖网
8583.0,拖网
8584.0,拖网
8585.0,围网
8586.0,刺网
8587.0,拖网
8588.0,拖网
8589.0,拖网
8590.0,刺网
8591.0,拖网
8592.0,拖网
8593.0,拖网
8594.0,围网
8595.0,拖网
8596.0,刺网
8597.0,拖网
8598.0,拖网
8599.0,拖网
8600.0,拖网
8601.0,围网
8602.0,拖网
8603.0,围网
8604.0,拖网
8605.0,刺网
8606.0,围网
8607.0,拖网
8608.0,拖网
8609.0,拖网
8610.0,拖网
8611.0,拖网
8612.0,围网
8613.0,拖网
8614.0,刺网
8615.0,拖网
8616.0,围网
8617.0,拖网
8618.0,拖网
8619.0,拖网
8620.0,拖网
8621.0,拖网
8622.0,拖网
8623.0,拖网
8624.0,刺网
8625.0,刺网
8626.0,刺网
8627.0,刺网
8628.0,拖网
8629.0,拖网
8630.0,拖网
8631.0,拖网
8632.0,刺网
8633.0,拖网
8634.0,拖网
8635.0,拖网
8636.0,拖网
8637.0,拖网
8638.0,围网
8639.0,拖网
8640.0,拖网
8641.0,拖网
8642.0,拖网
8643.0,拖网
8644.0,围网
8645.0,围网
8646.0,围网
8647.0,拖网
8648.0,拖网
8649.0,拖网
8650.0,拖网
8651.0,拖网
8652.0,拖网
8653.0,拖网
8654.0,拖网
8655.0,拖网
8656.0,拖网
8657.0,围网
8658.0,拖网
8659.0,刺网
8660.0,拖网
8661.0,拖网
8662.0,刺网
8663.0,拖网
8664.0,拖网
8665.0,拖网
8666.0,拖网
8667.0,围网
8668.0,拖网
8669.0,围网
8670.0,拖网
8671.0,拖网
8672.0,拖网
8673.0,拖网
8674.0,拖网
8675.0,拖网
8676.0,拖网
8677.0,拖网
8678.0,拖网
8679.0,围网
8680.0,拖网
8681.0,刺网
8682.0,围网
8683.0,拖网
8684.0,拖网
8685.0,围网
8686.0,拖网
8687.0,拖网
8688.0,围网
8689.0,拖网
8690.0,刺网
8691.0,拖网
8692.0,围网
8693.0,拖网
8694.0,刺网
8695.0,刺网
8696.0,拖网
8697.0,刺网
8698.0,刺网
8699.0,刺网
8700.0,拖网
8701.0,拖网
8702.0,拖网
8703.0,围网
8704.0,围网
8705.0,刺网
8706.0,拖网
8707.0,围网
8708.0,刺网
8709.0,刺网
8710.0,拖网
8711.0,拖网
8712.0,围网
8713.0,拖网
8714.0,围网
8715.0,围网
8716.0,拖网
8717.0,拖网
8718.0,拖网
8719.0,拖网
8720.0,围网
8721.0,拖网
8722.0,拖网
8723.0,拖网
8724.0,拖网
8725.0,拖网
8726.0,拖网
8727.0,拖网
8728.0,围网
8729.0,拖网
8730.0,拖网
8731.0,拖网
8732.0,拖网
8733.0,拖网
8734.0,拖网
8735.0,拖网
8736.0,拖网
8737.0,围网
8738.0,拖网
8739.0,拖网
8740.0,拖网
8741.0,拖网
8742.0,围网
8743.0,拖网
8744.0,拖网
8745.0,拖网
8746.0,拖网
8747.0,拖网
8748.0,围网
8749.0,拖网
8750.0,围网
8751.0,拖网
8752.0,拖网
8753.0,拖网
8754.0,围网
8755.0,拖网
8756.0,拖网
8757.0,拖网
8758.0,围网
8759.0,拖网
8760.0,围网
8761.0,拖网
8762.0,拖网
8763.0,拖网
8764.0,拖网
8765.0,刺网
8766.0,拖网
8767.0,拖网
8768.0,拖网
8769.0,围网
8770.0,刺网
8771.0,围网
8772.0,围网
8773.0,拖网
8774.0,刺网
8775.0,刺网
8776.0,拖网
8777.0,拖网
8778.0,拖网
8779.0,拖网
8780.0,拖网
8781.0,拖网
8782.0,拖网
8783.0,拖网
8784.0,拖网
8785.0,围网
8786.0,拖网
8787.0,刺网
8788.0,围网
8789.0,拖网
8790.0,拖网
8791.0,刺网
8792.0,拖网
8793.0,拖网
8794.0,拖网
8795.0,围网
8796.0,拖网
8797.0,拖网
8798.0,拖网
8799.0,拖网
8800.0,拖网
8801.0,刺网
8802.0,拖网
8803.0,拖网
8804.0,刺网
8805.0,拖网
8806.0,拖网
8807.0,刺网
8808.0,刺网
8809.0,拖网
8810.0,围网
8811.0,拖网
8812.0,拖网
8813.0,围网
8814.0,拖网
8815.0,拖网
8816.0,围网
8817.0,拖网
8818.0,围网
8819.0,围网
8820.0,拖网
8821.0,拖网
8822.0,刺网
8823.0,围网
8824.0,拖网
8825.0,拖网
8826.0,拖网
8827.0,拖网
8828.0,拖网
8829.0,拖网
8830.0,拖网
8831.0,拖网
8832.0,拖网
8833.0,拖网
8834.0,围网
8835.0,拖网
8836.0,拖网
8837.0,围网
8838.0,刺网
8839.0,围网
8840.0,拖网
8841.0,刺网
8842.0,拖网
8843.0,拖网
8844.0,围网
8845.0,拖网
8846.0,刺网
8847.0,拖网
8848.0,刺网
8849.0,围网
8850.0,拖网
8851.0,拖网
8852.0,拖网
8853.0,拖网
8854.0,刺网
8855.0,刺网
8856.0,拖网
8857.0,拖网
8858.0,拖网
8859.0,拖网
8860.0,拖网
8861.0,刺网
8862.0,刺网
8863.0,拖网
8864.0,刺网
8865.0,拖网
8866.0,围网
8867.0,围网
8868.0,拖网
8869.0,刺网
8870.0,拖网
8871.0,拖网
8872.0,拖网
8873.0,拖网
8874.0,拖网
8875.0,拖网
8876.0,拖网
8877.0,拖网
8878.0,拖网
8879.0,拖网
8880.0,拖网
8881.0,拖网
8882.0,拖网
8883.0,刺网
8884.0,拖网
8885.0,拖网
8886.0,拖网
8887.0,刺网
8888.0,围网
8889.0,拖网
8890.0,拖网
8891.0,拖网
8892.0,拖网
8893.0,拖网
8894.0,拖网
8895.0,拖网
8896.0,刺网
8897.0,拖网
8898.0,围网
8899.0,拖网
8900.0,拖网
8901.0,拖网
8902.0,围网
8903.0,刺网
8904.0,拖网
8905.0,刺网
8906.0,拖网
8907.0,拖网
8908.0,拖网
8909.0,拖网
8910.0,拖网
8911.0,拖网
8912.0,拖网
8913.0,拖网
8914.0,拖网
8915.0,拖网
8916.0,围网
8917.0,拖网
8918.0,拖网
8919.0,拖网
8920.0,拖网
8921.0,拖网
8922.0,围网
8923.0,围网
8924.0,拖网
8925.0,刺网
8926.0,刺网
8927.0,拖网
8928.0,拖网
8929.0,围网
8930.0,拖网
8931.0,拖网
8932.0,拖网
8933.0,刺网
8934.0,拖网
8935.0,围网
8936.0,拖网
8937.0,拖网
8938.0,拖网
8939.0,拖网
8940.0,刺网
8941.0,拖网
8942.0,拖网
8943.0,拖网
8944.0,拖网
8945.0,拖网
8946.0,拖网
8947.0,刺网
8948.0,拖网
8949.0,刺网
8950.0,拖网
8951.0,拖网
8952.0,拖网
8953.0,拖网
8954.0,拖网
8955.0,拖网
8956.0,拖网
8957.0,拖网
8958.0,拖网
8959.0,拖网
8960.0,拖网
8961.0,拖网
8962.0,拖网
8963.0,拖网
8964.0,拖网
8965.0,拖网
8966.0,拖网
8967.0,拖网
8968.0,围网
8969.0,刺网
8970.0,围网
8971.0,拖网
8972.0,拖网
8973.0,拖网
8974.0,拖网
8975.0,拖网
8976.0,围网
8977.0,拖网
8978.0,围网
8979.0,拖网
8980.0,拖网
8981.0,拖网
8982.0,拖网
8983.0,围网
8984.0,拖网
8985.0,拖网
8986.0,拖网
8987.0,刺网
8988.0,围网
8989.0,刺网
8990.0,拖网
8991.0,围网
8992.0,拖网
8993.0,拖网
8994.0,拖网
8995.0,围网
8996.0,围网
8997.0,拖网
8998.0,拖网
8999.0,拖网
